RFC, source
PPP, https://wiki.wireshark.org/uploads/__moin_import__/attachments/SampleCaptures/PPPHandshake.cap
PPP, https://wiki.wireshark.org/uploads/__moin_import__/attachments/SampleCaptures/PPP-config.cap
TFTP, https://wiki.wireshark.org/uploads/__moin_import__/attachments/SampleCaptures/tftp_rrq.pcap
TFTP, https://wiki.wireshark.org/uploads/__moin_import__/attachments/SampleCaptures/tftp_wrq.pcap
SIP, https://wiki.wireshark.org/uploads/__moin_import__/attachments/SampleCaptures/aaa.pcap
NBNS, https://wiki.wireshark.org/uploads/__moin_import__/attachments/SampleCaptures/aaa.pcap
SNMP, https://wiki.wireshark.org/uploads/__moin_import__/attachments/SampleCaptures/snmp_usm.pcap
